{"cameraMode":{"drawMode":0,"name":"Shaded","section":"Shading Mode"},"sceneLighting":true,"audioPlay":false,"sceneViewState":{"showFog":true,"showMaterialUpdate":false,"showSkybox":true,"showFlares":true,"showImageEffects":true,"showParticleSystems":true},"in2DMode":false,"pivot":{"x":0.534808337688446,"y":0.29498594999313357,"z":-0.2880779504776001},"rotation":{"x":0.0033801214303821327,"y":0.9962972402572632,"z":-0.04667040705680847,"w":0.07215887308120728},"size":1.3685283660888672,"orthographic":false}